path,arm,batch,plate,well,channels,site,cycle,n_frames
"s3://nf-pooled-cellpainting-sandbox/data/test-data/fix-s1-output/Source1/images/Batch1/images/Plate1/20X_CP_Plate1_20240319_122800_179/WellA1_PointA1_0000_ChannelPhalloAF750,CHN2-AF488,DAPI_Seq0000.ome.tiff",painting,Batch1,Plate1,A1,"Phalloidin,CHN2,DNA",0,1,3
"s3://nf-pooled-cellpainting-sandbox/data/test-data/fix-s1-output/Source1/images/Batch1/images/Plate1/20X_CP_Plate1_20240319_122800_179/WellA1_PointA1_0001_ChannelPhalloAF750,CHN2-AF488,DAPI_Seq0001.ome.tiff",painting,Batch1,Plate1,A1,"Phalloidin,CHN2,DNA",1,1,3
"s3://nf-pooled-cellpainting-sandbox/data/test-data/fix-s1-output/Source1/images/Batch1/images/Plate1/20X_CP_Plate1_20240319_122800_179/WellA1_PointA1_0002_ChannelPhalloAF750,CHN2-AF488,DAPI_Seq0002.ome.tiff",painting,Batch1,Plate1,A1,"Phalloidin,CHN2,DNA",2,1,3
"s3://nf-pooled-cellpainting-sandbox/data/test-data/fix-s1-output/Source1/images/Batch1/images/Plate1/20X_CP_Plate1_20240319_122800_179/WellA1_PointA1_0003_ChannelPhalloAF750,CHN2-AF488,DAPI_Seq0003.ome.tiff",painting,Batch1,Plate1,A1,"Phalloidin,CHN2,DNA",3,1,3
"s3://nf-pooled-cellpainting-sandbox/data/test-data/fix-s1-output/Source1/images/Batch1/images/Plate1/20X_c1_SBS-1/WellA1_PointA1_0000_ChannelC,A,T,G,DAPI_Seq0000.ome.tiff",barcoding,Batch1,Plate1,A1,"C,A,T,G,DNA",0,1,5
"s3://nf-pooled-cellpainting-sandbox/data/test-data/fix-s1-output/Source1/images/Batch1/images/Plate1/20X_c1_SBS-1/WellA1_PointA1_0001_ChannelC,A,T,G,DAPI_Seq0001.ome.tiff",barcoding,Batch1,Plate1,A1,"C,A,T,G,DNA",1,1,5
"s3://nf-pooled-cellpainting-sandbox/data/test-data/fix-s1-output/Source1/images/Batch1/images/Plate1/20X_c1_SBS-1/WellA1_PointA1_0002_ChannelC,A,T,G,DAPI_Seq0002.ome.tiff",barcoding,Batch1,Plate1,A1,"C,A,T,G,DNA",2,1,5
"s3://nf-pooled-cellpainting-sandbox/data/test-data/fix-s1-output/Source1/images/Batch1/images/Plate1/20X_c1_SBS-1/WellA1_PointA1_0003_ChannelC,A,T,G,DAPI_Seq0003.ome.tiff",barcoding,Batch1,Plate1,A1,"C,A,T,G,DNA",3,1,5
"s3://nf-pooled-cellpainting-sandbox/data/test-data/fix-s1-output/Source1/images/Batch1/images/Plate1/20X_c2_SBS-2/WellA1_PointA1_0000_ChannelC,A,T,G,DAPI_Seq0000.ome.tiff",barcoding,Batch1,Plate1,A1,"C,A,T,G,DNA",0,2,5
"s3://nf-pooled-cellpainting-sandbox/data/test-data/fix-s1-output/Source1/images/Batch1/images/Plate1/20X_c2_SBS-2/WellA1_PointA1_0001_ChannelC,A,T,G,DAPI_Seq0001.ome.tiff",barcoding,Batch1,Plate1,A1,"C,A,T,G,DNA",1,2,5
"s3://nf-pooled-cellpainting-sandbox/data/test-data/fix-s1-output/Source1/images/Batch1/images/Plate1/20X_c2_SBS-2/WellA1_PointA1_0002_ChannelC,A,T,G,DAPI_Seq0002.ome.tiff",barcoding,Batch1,Plate1,A1,"C,A,T,G,DNA",2,2,5
"s3://nf-pooled-cellpainting-sandbox/data/test-data/fix-s1-output/Source1/images/Batch1/images/Plate1/20X_c2_SBS-2/WellA1_PointA1_0003_ChannelC,A,T,G,DAPI_Seq0003.ome.tiff",barcoding,Batch1,Plate1,A1,"C,A,T,G,DNA",3,2,5
"s3://nf-pooled-cellpainting-sandbox/data/test-data/fix-s1-output/Source1/images/Batch1/images/Plate1/20X_c3_SBS-3/WellA1_PointA1_0000_ChannelC,A,T,G,DAPI_Seq0000.ome.tiff",barcoding,Batch1,Plate1,A1,"C,A,T,G,DNA",0,3,5
"s3://nf-pooled-cellpainting-sandbox/data/test-data/fix-s1-output/Source1/images/Batch1/images/Plate1/20X_c3_SBS-3/WellA1_PointA1_0001_ChannelC,A,T,G,DAPI_Seq0001.ome.tiff",barcoding,Batch1,Plate1,A1,"C,A,T,G,DNA",1,3,5
"s3://nf-pooled-cellpainting-sandbox/data/test-data/fix-s1-output/Source1/images/Batch1/images/Plate1/20X_c3_SBS-3/WellA1_PointA1_0002_ChannelC,A,T,G,DAPI_Seq0002.ome.tiff",barcoding,Batch1,Plate1,A1,"C,A,T,G,DNA",2,3,5
"s3://nf-pooled-cellpainting-sandbox/data/test-data/fix-s1-output/Source1/images/Batch1/images/Plate1/20X_c3_SBS-3/WellA1_PointA1_0003_ChannelC,A,T,G,DAPI_Seq0003.ome.tiff",barcoding,Batch1,Plate1,A1,"C,A,T,G,DNA",3,3,5
